LocalTime, GPSTime, ESSID, BSSID, Power, Security, Latitude, Longitude, Latitude Error, Longitude Error
2019-05-04 19:09:20,1900-01-00 00:00:00,,00:BE:75:CF:00:4F,-57,,0.000000,0.000000,0.000,0.000
2019-05-04 19:09:20,1900-01-00 00:00:00,nyu,00:BE:75:CF:00:4F,-57,WPA2,0.000000,0.000000,0.000,0.000
2019-05-04 19:09:20,1900-01-00 00:00:00,nyu,00:BE:75:CF:00:4F,-57,WPA2,0.000000,0.000000,0.000,0.000
2019-05-04 19:09:20,1900-01-00 00:00:00,nyu,00:BE:75:CF:00:4F,-57,WPA2,0.000000,0.000000,0.000,0.000
2019-05-04 19:09:20,1900-01-00 00:00:00,nyu,00:BE:75:CF:00:4F,-57,WPA2,0.000000,0.000000,0.000,0.000
2019-05-04 19:09:20,1900-01-00 00:00:00,nyu,00:BE:75:CF:00:4F,-57,WPA2,0.000000,0.000000,0.000,0.000
2019-05-04 19:09:20,1900-01-00 00:00:00,nyu,00:BE:75:CF:00:4F,-57,WPA2,0.000000,0.000000,0.000,0.000
2019-05-04 19:09:20,1900-01-00 00:00:00,nyu,00:BE:75:CF:00:4F,-57,WPA2,0.000000,0.000000,0.000,0.000
2019-05-04 19:09:20,1900-01-00 00:00:00,nyu,00:BE:75:CF:00:4F,-57,WPA2,0.000000,0.000000,0.000,0.000
2019-05-04 19:09:20,1900-01-00 00:00:00,nyu,00:BE:75:CF:00:4F,-57,WPA2,0.000000,0.000000,0.000,0.000
2019-05-04 19:09:20,1900-01-00 00:00:00,nyu,00:BE:75:CF:00:4F,-57,WPA2,0.000000,0.000000,0.000,0.000
2019-05-04 19:09:20,1900-01-00 00:00:00,nyu,00:BE:75:CF:00:4F,-57,WPA2,0.000000,0.000000,0.000,0.000
2019-05-04 19:09:20,1900-01-00 00:00:00,nyu,00:BE:75:CF:00:4F,-57,WPA2,0.000000,0.000000,0.000,0.000
2019-05-04 19:09:20,1900-01-00 00:00:00,nyu,00:BE:75:CF:00:4F,-57,WPA2,0.000000,0.000000,0.000,0.000
2019-05-04 19:09:20,1900-01-00 00:00:00,nyu,00:BE:75:CF:00:4F,-57,WPA2,0.000000,0.000000,0.000,0.000
2019-05-04 19:09:20,1900-01-00 00:00:00,nyu,00:BE:75:CF:00:4F,-57,WPA2,0.000000,0.000000,0.000,0.000
2019-05-04 19:09:20,1900-01-00 00:00:00,nyu,00:BE:75:CF:00:4F,-57,WPA2,0.000000,0.000000,0.000,0.000
2019-05-04 19:09:20,1900-01-00 00:00:00,nyu,00:BE:75:CF:00:4F,-57,WPA2,0.000000,0.000000,0.000,0.000
2019-05-04 19:09:20,1900-01-00 00:00:00,nyu,00:BE:75:CF:00:4F,-57,WPA2,0.000000,0.000000,0.000,0.000
2019-05-04 19:09:20,1900-01-00 00:00:00,nyu,00:BE:75:CF:00:4F,-57,WPA2,0.000000,0.000000,0.000,0.000
2019-05-04 19:09:20,1900-01-00 00:00:00,nyu,00:BE:75:CF:00:4F,-57,WPA2,0.000000,0.000000,0.000,0.000
2019-05-04 19:09:20,1900-01-00 00:00:00,nyu,00:BE:75:CF:00:4F,-57,WPA2,0.000000,0.000000,0.000,0.000
2019-05-04 19:09:21,1900-01-00 00:00:00,nyu,00:BE:75:CF:00:4F,-55,WPA2,0.000000,0.000000,0.000,0.000
2019-05-04 19:09:21,1900-01-00 00:00:00,nyu,00:BE:75:CF:00:4F,-59,WPA2,0.000000,0.000000,0.000,0.000
2019-05-04 19:09:21,1900-01-00 00:00:00,nyu,00:BE:75:CF:00:4F,-57,WPA2,0.000000,0.000000,0.000,0.000
2019-05-04 19:09:21,1900-01-00 00:00:00,nyu,00:BE:75:CF:00:4F,-59,WPA2,0.000000,0.000000,0.000,0.000
2019-05-04 19:09:21,1900-01-00 00:00:00,nyu,00:BE:75:CF:00:4F,-57,WPA2,0.000000,0.000000,0.000,0.000
2019-05-04 19:09:21,1900-01-00 00:00:00,nyu,00:BE:75:CF:00:4F,-57,WPA2,0.000000,0.000000,0.000,0.000
2019-05-04 19:09:21,1900-01-00 00:00:00,nyu,00:BE:75:CF:00:4F,-57,WPA2,0.000000,0.000000,0.000,0.000
2019-05-04 19:09:21,1900-01-00 00:00:00,nyu,00:BE:75:CF:00:4F,-55,WPA2,0.000000,0.000000,0.000,0.000
2019-05-04 19:09:21,1900-01-00 00:00:00,nyu,00:BE:75:CF:00:4F,-57,WPA2,0.000000,0.000000,0.000,0.000
2019-05-04 19:09:21,1900-01-00 00:00:00,nyu,00:BE:75:CF:00:4F,-57,WPA2,0.000000,0.000000,0.000,0.000
2019-05-04 19:09:21,1900-01-00 00:00:00,nyu,00:BE:75:CF:00:4F,-59,WPA2,0.000000,0.000000,0.000,0.000
2019-05-04 19:09:21,1900-01-00 00:00:00,nyu,00:BE:75:CF:00:4F,-59,WPA2,0.000000,0.000000,0.000,0.000
2019-05-04 19:09:21,1900-01-00 00:00:00,nyu,00:BE:75:CF:00:4F,-57,WPA2,0.000000,0.000000,0.000,0.000
2019-05-04 19:09:21,1900-01-00 00:00:00,nyu,00:BE:75:CF:00:4F,-57,WPA2,0.000000,0.000000,0.000,0.000
2019-05-04 19:09:21,1900-01-00 00:00:00,nyu,00:BE:75:CF:00:4F,-57,WPA2,0.000000,0.000000,0.000,0.000
2019-05-04 19:09:21,1900-01-00 00:00:00,nyu,00:BE:75:CF:00:4F,-57,WPA2,0.000000,0.000000,0.000,0.000
2019-05-04 19:09:21,1900-01-00 00:00:00,nyu,00:BE:75:CF:00:4F,-57,WPA2,0.000000,0.000000,0.000,0.000
2019-05-04 19:09:21,1900-01-00 00:00:00,nyu,00:BE:75:CF:00:4F,-57,WPA2,0.000000,0.000000,0.000,0.000
2019-05-04 19:09:21,1900-01-00 00:00:00,nyu,00:BE:75:CF:00:4F,-57,WPA2,0.000000,0.000000,0.000,0.000
2019-05-04 19:09:21,1900-01-00 00:00:00,nyu,00:BE:75:CF:00:4F,-57,WPA2,0.000000,0.000000,0.000,0.000
2019-05-04 19:09:21,1900-01-00 00:00:00,nyu,00:BE:75:CF:00:4F,-57,WPA2,0.000000,0.000000,0.000,0.000
2019-05-04 19:09:21,1900-01-00 00:00:00,nyu,00:BE:75:CF:00:4F,-57,WPA2,0.000000,0.000000,0.000,0.000
2019-05-04 19:09:21,1900-01-00 00:00:00,nyu,00:BE:75:CF:00:4F,-57,WPA2,0.000000,0.000000,0.000,0.000
2019-05-04 19:09:21,1900-01-00 00:00:00,nyu,00:BE:75:CF:00:4F,-55,WPA2,0.000000,0.000000,0.000,0.000
2019-05-04 19:09:21,1900-01-00 00:00:00,nyu,00:BE:75:CF:00:4F,-59,WPA2,0.000000,0.000000,0.000,0.000
2019-05-04 19:09:21,1900-01-00 00:00:00,nyu,00:BE:75:CF:00:4F,-59,WPA2,0.000000,0.000000,0.000,0.000
2019-05-04 19:09:21,1900-01-00 00:00:00,nyu,00:BE:75:CF:00:4F,-57,WPA2,0.000000,0.000000,0.000,0.000
2019-05-04 19:09:21,1900-01-00 00:00:00,nyu,00:BE:75:CF:00:4F,-57,WPA2,0.000000,0.000000,0.000,0.000
2019-05-04 19:09:21,1900-01-00 00:00:00,nyu,00:BE:75:CF:00:4F,-59,WPA2,0.000000,0.000000,0.000,0.000
2019-05-04 19:09:21,1900-01-00 00:00:00,nyu,00:BE:75:CF:00:4F,-59,WPA2,0.000000,0.000000,0.000,0.000
2019-05-04 19:09:21,1900-01-00 00:00:00,nyu,00:BE:75:CF:00:4F,-59,WPA2,0.000000,0.000000,0.000,0.000
2019-05-04 19:09:21,1900-01-00 00:00:00,nyu,00:BE:75:CF:00:4F,-59,WPA2,0.000000,0.000000,0.000,0.000
2019-05-04 19:09:21,1900-01-00 00:00:00,nyu,00:BE:75:CF:00:4F,-57,WPA2,0.000000,0.000000,0.000,0.000
2019-05-04 19:09:21,1900-01-00 00:00:00,nyu,00:BE:75:CF:00:4F,-57,WPA2,0.000000,0.000000,0.000,0.000
2019-05-04 19:09:21,1900-01-00 00:00:00,nyu,00:BE:75:CF:00:4F,-57,WPA2,0.000000,0.000000,0.000,0.000
2019-05-04 19:09:21,1900-01-00 00:00:00,nyu,00:BE:75:CF:00:4F,-57,WPA2,0.000000,0.000000,0.000,0.000
2019-05-04 19:09:22,1900-01-00 00:00:00,nyu,00:BE:75:CF:00:4F,-55,WPA2,0.000000,0.000000,0.000,0.000
2019-05-04 19:09:22,1900-01-00 00:00:00,nyu,00:BE:75:CF:00:4F,-59,WPA2,0.000000,0.000000,0.000,0.000
2019-05-04 19:09:22,1900-01-00 00:00:00,nyu,00:BE:75:CF:00:4F,-57,WPA2,0.000000,0.000000,0.000,0.000
2019-05-04 19:09:22,1900-01-00 00:00:00,nyu,00:BE:75:CF:00:4F,-59,WPA2,0.000000,0.000000,0.000,0.000
2019-05-04 19:09:22,1900-01-00 00:00:00,nyu,00:BE:75:CF:00:4F,-59,WPA2,0.000000,0.000000,0.000,0.000
2019-05-04 19:09:22,1900-01-00 00:00:00,nyu,00:BE:75:CF:00:4F,-59,WPA2,0.000000,0.000000,0.000,0.000
2019-05-04 19:09:22,1900-01-00 00:00:00,nyu,00:BE:75:CF:00:4F,-59,WPA2,0.000000,0.000000,0.000,0.000
2019-05-04 19:09:22,1900-01-00 00:00:00,nyu,00:BE:75:CF:00:4F,-59,WPA2,0.000000,0.000000,0.000,0.000
2019-05-04 19:09:22,1900-01-00 00:00:00,nyu,00:BE:75:CF:00:4F,-57,WPA2,0.000000,0.000000,0.000,0.000
2019-05-04 19:09:22,1900-01-00 00:00:00,nyu,00:BE:75:CF:00:4F,-57,WPA2,0.000000,0.000000,0.000,0.000
2019-05-04 19:09:22,1900-01-00 00:00:00,nyu,00:BE:75:CF:00:4F,-59,WPA2,0.000000,0.000000,0.000,0.000
2019-05-04 19:09:22,1900-01-00 00:00:00,nyu,00:BE:75:CF:00:4F,-57,WPA2,0.000000,0.000000,0.000,0.000
2019-05-04 19:09:22,1900-01-00 00:00:00,nyu,00:BE:75:CF:00:4F,-59,WPA2,0.000000,0.000000,0.000,0.000
2019-05-04 19:09:22,1900-01-00 00:00:00,nyu,00:BE:75:CF:00:4F,-57,WPA2,0.000000,0.000000,0.000,0.000
2019-05-04 19:09:22,1900-01-00 00:00:00,nyu,00:BE:75:CF:00:4F,-57,WPA2,0.000000,0.000000,0.000,0.000
2019-05-04 19:09:22,1900-01-00 00:00:00,nyu,00:BE:75:CF:00:4F,-57,WPA2,0.000000,0.000000,0.000,0.000
2019-05-04 19:09:22,1900-01-00 00:00:00,nyu,00:BE:75:CF:00:4F,-57,WPA2,0.000000,0.000000,0.000,0.000
2019-05-04 19:09:22,1900-01-00 00:00:00,nyu,00:BE:75:CF:00:4F,-59,WPA2,0.000000,0.000000,0.000,0.000
2019-05-04 19:09:22,1900-01-00 00:00:00,nyu,00:BE:75:CF:00:4F,-57,WPA2,0.000000,0.000000,0.000,0.000
2019-05-04 19:09:22,1900-01-00 00:00:00,nyu,00:BE:75:CF:00:4F,-59,WPA2,0.000000,0.000000,0.000,0.000
2019-05-04 19:09:22,1900-01-00 00:00:00,nyu,00:BE:75:CF:00:4F,-59,WPA2,0.000000,0.000000,0.000,0.000
2019-05-04 19:09:22,1900-01-00 00:00:00,nyu,00:BE:75:CF:00:4F,-57,WPA2,0.000000,0.000000,0.000,0.000
2019-05-04 19:09:22,1900-01-00 00:00:00,nyu,00:BE:75:CF:00:4F,-57,WPA2,0.000000,0.000000,0.000,0.000
2019-05-04 19:09:22,1900-01-00 00:00:00,nyu,00:BE:75:CF:00:4F,-57,WPA2,0.000000,0.000000,0.000,0.000
2019-05-04 19:09:22,1900-01-00 00:00:00,nyu,00:BE:75:CF:00:4F,-59,WPA2,0.000000,0.000000,0.000,0.000
2019-05-04 19:09:22,1900-01-00 00:00:00,nyu,00:BE:75:CF:00:4F,-55,WPA2,0.000000,0.000000,0.000,0.000
2019-05-04 19:09:22,1900-01-00 00:00:00,nyu,00:BE:75:CF:00:4F,-57,WPA2,0.000000,0.000000,0.000,0.000
2019-05-04 19:09:22,1900-01-00 00:00:00,nyu,00:BE:75:CF:00:4F,-57,WPA2,0.000000,0.000000,0.000,0.000
2019-05-04 19:09:22,1900-01-00 00:00:00,nyu,00:BE:75:CF:00:4F,-57,WPA2,0.000000,0.000000,0.000,0.000
2019-05-04 19:09:22,1900-01-00 00:00:00,nyu,00:BE:75:CF:00:4F,-55,WPA2,0.000000,0.000000,0.000,0.000
2019-05-04 19:09:22,1900-01-00 00:00:00,nyu,00:BE:75:CF:00:4F,-59,WPA2,0.000000,0.000000,0.000,0.000
2019-05-04 19:09:22,1900-01-00 00:00:00,nyu,00:BE:75:CF:00:4F,-59,WPA2,0.000000,0.000000,0.000,0.000
2019-05-04 19:09:22,1900-01-00 00:00:00,nyu,00:BE:75:CF:00:4F,-59,WPA2,0.000000,0.000000,0.000,0.000
2019-05-04 19:09:22,1900-01-00 00:00:00,nyu,00:BE:75:CF:00:4F,-59,WPA2,0.000000,0.000000,0.000,0.000
2019-05-04 19:09:22,1900-01-00 00:00:00,nyu,00:BE:75:CF:00:4F,-59,WPA2,0.000000,0.000000,0.000,0.000
2019-05-04 19:09:22,1900-01-00 00:00:00,nyu,00:BE:75:CF:00:4F,-59,WPA2,0.000000,0.000000,0.000,0.000
2019-05-04 19:09:22,1900-01-00 00:00:00,nyu,00:BE:75:CF:00:4F,-59,WPA2,0.000000,0.000000,0.000,0.000
2019-05-04 19:09:22,1900-01-00 00:00:00,nyu,00:BE:75:CF:00:4F,-59,WPA2,0.000000,0.000000,0.000,0.000
2019-05-04 19:09:22,1900-01-00 00:00:00,nyu,00:BE:75:CF:00:4F,-59,WPA2,0.000000,0.000000,0.000,0.000
2019-05-04 19:09:22,1900-01-00 00:00:00,nyu,00:BE:75:CF:00:4F,-55,WPA2,0.000000,0.000000,0.000,0.000
2019-05-04 19:09:22,1900-01-00 00:00:00,nyu,00:BE:75:CF:00:4F,-59,WPA2,0.000000,0.000000,0.000,0.000
2019-05-04 19:09:22,1900-01-00 00:00:00,nyu,00:BE:75:CF:00:4F,-59,WPA2,0.000000,0.000000,0.000,0.000
2019-05-04 19:09:22,1900-01-00 00:00:00,nyu,00:BE:75:CF:00:4F,-55,WPA2,0.000000,0.000000,0.000,0.000
2019-05-04 19:09:22,1900-01-00 00:00:00,nyu,00:BE:75:CF:00:4F,-59,WPA2,0.000000,0.000000,0.000,0.000
2019-05-04 19:09:22,1900-01-00 00:00:00,nyu,00:BE:75:CF:00:4F,-57,WPA2,0.000000,0.000000,0.000,0.000
2019-05-04 19:09:22,1900-01-00 00:00:00,nyu,00:BE:75:CF:00:4F,-59,WPA2,0.000000,0.000000,0.000,0.000
2019-05-04 19:09:22,1900-01-00 00:00:00,nyu,00:BE:75:CF:00:4F,-57,WPA2,0.000000,0.000000,0.000,0.000
2019-05-04 19:09:22,1900-01-00 00:00:00,nyu,00:BE:75:CF:00:4F,-59,WPA2,0.000000,0.000000,0.000,0.000
2019-05-04 19:09:22,1900-01-00 00:00:00,nyu,00:BE:75:CF:00:4F,-55,WPA2,0.000000,0.000000,0.000,0.000
2019-05-04 19:09:22,1900-01-00 00:00:00,nyu,00:BE:75:CF:00:4F,-57,WPA2,0.000000,0.000000,0.000,0.000
2019-05-04 19:09:22,1900-01-00 00:00:00,nyu,00:BE:75:CF:00:4F,-59,WPA2,0.000000,0.000000,0.000,0.000
2019-05-04 19:09:22,1900-01-00 00:00:00,nyu,00:BE:75:CF:00:4F,-59,WPA2,0.000000,0.000000,0.000,0.000
2019-05-04 19:09:22,1900-01-00 00:00:00,nyu,00:BE:75:CF:00:4F,-55,WPA2,0.000000,0.000000,0.000,0.000
2019-05-04 19:09:22,1900-01-00 00:00:00,nyu,00:BE:75:CF:00:4F,-57,WPA2,0.000000,0.000000,0.000,0.000
2019-05-04 19:09:22,1900-01-00 00:00:00,nyu,00:BE:75:CF:00:4F,-57,WPA2,0.000000,0.000000,0.000,0.000
2019-05-04 19:09:22,1900-01-00 00:00:00,nyu,00:BE:75:CF:00:4F,-57,WPA2,0.000000,0.000000,0.000,0.000
2019-05-04 19:09:23,1900-01-00 00:00:00,nyu,00:BE:75:CF:00:4F,-59,WPA2,0.000000,0.000000,0.000,0.000
2019-05-04 19:09:23,1900-01-00 00:00:00,nyu,00:BE:75:CF:00:4F,-57,WPA2,0.000000,0.000000,0.000,0.000
2019-05-04 19:09:23,1900-01-00 00:00:00,nyu,00:BE:75:CF:00:4F,-59,WPA2,0.000000,0.000000,0.000,0.000
2019-05-04 19:09:23,1900-01-00 00:00:00,nyu,00:BE:75:CF:00:4F,-57,WPA2,0.000000,0.000000,0.000,0.000
2019-05-04 19:09:23,1900-01-00 00:00:00,nyu,00:BE:75:CF:00:4F,-59,WPA2,0.000000,0.000000,0.000,0.000
2019-05-04 19:09:23,1900-01-00 00:00:00,nyu,00:BE:75:CF:00:4F,-57,WPA2,0.000000,0.000000,0.000,0.000
2019-05-04 19:09:23,1900-01-00 00:00:00,nyu,00:BE:75:CF:00:4F,-57,WPA2,0.000000,0.000000,0.000,0.000
2019-05-04 19:09:23,1900-01-00 00:00:00,nyu,00:BE:75:CF:00:4F,-57,WPA2,0.000000,0.000000,0.000,0.000
2019-05-04 19:09:23,1900-01-00 00:00:00,nyu,00:BE:75:CF:00:4F,-57,WPA2,0.000000,0.000000,0.000,0.000
2019-05-04 19:09:23,1900-01-00 00:00:00,nyu,00:BE:75:CF:00:4F,-57,WPA2,0.000000,0.000000,0.000,0.000
2019-05-04 19:09:23,1900-01-00 00:00:00,nyu,00:BE:75:CF:00:4F,-57,WPA2,0.000000,0.000000,0.000,0.000
2019-05-04 19:09:23,1900-01-00 00:00:00,nyu,00:BE:75:CF:00:4F,-57,WPA2,0.000000,0.000000,0.000,0.000
2019-05-04 19:09:23,1900-01-00 00:00:00,nyu,00:BE:75:CF:00:4F,-59,WPA2,0.000000,0.000000,0.000,0.000
2019-05-04 19:09:23,1900-01-00 00:00:00,nyu,00:BE:75:CF:00:4F,-59,WPA2,0.000000,0.000000,0.000,0.000
2019-05-04 19:09:23,1900-01-00 00:00:00,nyu,00:BE:75:CF:00:4F,-57,WPA2,0.000000,0.000000,0.000,0.000
2019-05-04 19:09:23,1900-01-00 00:00:00,nyu,00:BE:75:CF:00:4F,-59,WPA2,0.000000,0.000000,0.000,0.000
2019-05-04 19:09:23,1900-01-00 00:00:00,nyu,00:BE:75:CF:00:4F,-57,WPA2,0.000000,0.000000,0.000,0.000
2019-05-04 19:09:23,1900-01-00 00:00:00,nyu,00:BE:75:CF:00:4F,-57,WPA2,0.000000,0.000000,0.000,0.000
2019-05-04 19:09:23,1900-01-00 00:00:00,nyu,00:BE:75:CF:00:4F,-55,WPA2,0.000000,0.000000,0.000,0.000
2019-05-04 19:09:23,1900-01-00 00:00:00,nyu,00:BE:75:CF:00:4F,-57,WPA2,0.000000,0.000000,0.000,0.000
2019-05-04 19:09:23,1900-01-00 00:00:00,nyu,00:BE:75:CF:00:4F,-57,WPA2,0.000000,0.000000,0.000,0.000
2019-05-04 19:09:23,1900-01-00 00:00:00,nyu,00:BE:75:CF:00:4F,-59,WPA2,0.000000,0.000000,0.000,0.000
2019-05-04 19:09:23,1900-01-00 00:00:00,nyu,00:BE:75:CF:00:4F,-57,WPA2,0.000000,0.000000,0.000,0.000
2019-05-04 19:09:23,1900-01-00 00:00:00,nyu,00:BE:75:CF:00:4F,-57,WPA2,0.000000,0.000000,0.000,0.000
2019-05-04 19:09:23,1900-01-00 00:00:00,nyu,00:BE:75:CF:00:4F,-59,WPA2,0.000000,0.000000,0.000,0.000
2019-05-04 19:09:23,1900-01-00 00:00:00,nyu,00:BE:75:CF:00:4F,-57,WPA2,0.000000,0.000000,0.000,0.000
2019-05-04 19:09:23,1900-01-00 00:00:00,nyu,00:BE:75:CF:00:4F,-57,WPA2,0.000000,0.000000,0.000,0.000
2019-05-04 19:09:23,1900-01-00 00:00:00,nyu,00:BE:75:CF:00:4F,-59,WPA2,0.000000,0.000000,0.000,0.000
2019-05-04 19:09:23,1900-01-00 00:00:00,nyu,00:BE:75:CF:00:4F,-57,WPA2,0.000000,0.000000,0.000,0.000
2019-05-04 19:09:23,1900-01-00 00:00:00,nyu,00:BE:75:CF:00:4F,-59,WPA2,0.000000,0.000000,0.000,0.000
2019-05-04 19:09:23,1900-01-00 00:00:00,nyu,00:BE:75:CF:00:4F,-57,WPA2,0.000000,0.000000,0.000,0.000
2019-05-04 19:09:23,1900-01-00 00:00:00,nyu,00:BE:75:CF:00:4F,-61,WPA2,0.000000,0.000000,0.000,0.000
2019-05-04 19:09:23,1900-01-00 00:00:00,nyu,00:BE:75:CF:00:4F,-57,WPA2,0.000000,0.000000,0.000,0.000
2019-05-04 19:09:23,1900-01-00 00:00:00,nyu,00:BE:75:CF:00:4F,-59,WPA2,0.000000,0.000000,0.000,0.000
2019-05-04 19:09:23,1900-01-00 00:00:00,nyu,00:BE:75:CF:00:4F,-57,WPA2,0.000000,0.000000,0.000,0.000
2019-05-04 19:09:23,1900-01-00 00:00:00,nyu,00:BE:75:CF:00:4F,-59,WPA2,0.000000,0.000000,0.000,0.000
2019-05-04 19:09:23,1900-01-00 00:00:00,nyu,00:BE:75:CF:00:4F,-59,WPA2,0.000000,0.000000,0.000,0.000
2019-05-04 19:09:23,1900-01-00 00:00:00,nyu,00:BE:75:CF:00:4F,-59,WPA2,0.000000,0.000000,0.000,0.000
2019-05-04 19:09:23,1900-01-00 00:00:00,nyu,00:BE:75:CF:00:4F,-57,WPA2,0.000000,0.000000,0.000,0.000
2019-05-04 19:09:23,1900-01-00 00:00:00,nyu,00:BE:75:CF:00:4F,-57,WPA2,0.000000,0.000000,0.000,0.000
2019-05-04 19:09:24,1900-01-00 00:00:00,nyu,00:BE:75:CF:00:4F,-55,WPA2,0.000000,0.000000,0.000,0.000
2019-05-04 19:09:24,1900-01-00 00:00:00,nyu,00:BE:75:CF:00:4F,-59,WPA2,0.000000,0.000000,0.000,0.000
2019-05-04 19:09:24,1900-01-00 00:00:00,nyu,00:BE:75:CF:00:4F,-61,WPA2,0.000000,0.000000,0.000,0.000
2019-05-04 19:09:24,1900-01-00 00:00:00,nyu,00:BE:75:CF:00:4F,-59,WPA2,0.000000,0.000000,0.000,0.000
2019-05-04 19:09:24,1900-01-00 00:00:00,nyu,00:BE:75:CF:00:4F,-59,WPA2,0.000000,0.000000,0.000,0.000
2019-05-04 19:09:24,1900-01-00 00:00:00,nyu,00:BE:75:CF:00:4F,-59,WPA2,0.000000,0.000000,0.000,0.000
2019-05-04 19:09:24,1900-01-00 00:00:00,nyu,00:BE:75:CF:00:4F,-59,WPA2,0.000000,0.000000,0.000,0.000
2019-05-04 19:09:24,1900-01-00 00:00:00,nyu,00:BE:75:CF:00:4F,-59,WPA2,0.000000,0.000000,0.000,0.000
2019-05-04 19:09:24,1900-01-00 00:00:00,nyu,00:BE:75:CF:00:4F,-59,WPA2,0.000000,0.000000,0.000,0.000
2019-05-04 19:09:24,1900-01-00 00:00:00,nyu,00:BE:75:CF:00:4F,-61,WPA2,0.000000,0.000000,0.000,0.000
2019-05-04 19:09:24,1900-01-00 00:00:00,nyu,00:BE:75:CF:00:4F,-59,WPA2,0.000000,0.000000,0.000,0.000
2019-05-04 19:09:24,1900-01-00 00:00:00,nyu,00:BE:75:CF:00:4F,-59,WPA2,0.000000,0.000000,0.000,0.000
2019-05-04 19:09:24,1900-01-00 00:00:00,nyu,00:BE:75:CF:00:4F,-59,WPA2,0.000000,0.000000,0.000,0.000
2019-05-04 19:09:24,1900-01-00 00:00:00,nyu,00:BE:75:CF:00:4F,-61,WPA2,0.000000,0.000000,0.000,0.000
2019-05-04 19:09:24,1900-01-00 00:00:00,nyu,00:BE:75:CF:00:4F,-57,WPA2,0.000000,0.000000,0.000,0.000
2019-05-04 19:09:24,1900-01-00 00:00:00,nyu,00:BE:75:CF:00:4F,-57,WPA2,0.000000,0.000000,0.000,0.000
2019-05-04 19:09:24,1900-01-00 00:00:00,nyu,00:BE:75:CF:00:4F,-57,WPA2,0.000000,0.000000,0.000,0.000
2019-05-04 19:09:24,1900-01-00 00:00:00,nyu,00:BE:75:CF:00:4F,-57,WPA2,0.000000,0.000000,0.000,0.000
2019-05-04 19:09:24,1900-01-00 00:00:00,nyu,00:BE:75:CF:00:4F,-55,WPA2,0.000000,0.000000,0.000,0.000
2019-05-04 19:09:24,1900-01-00 00:00:00,nyu,00:BE:75:CF:00:4F,-59,WPA2,0.000000,0.000000,0.000,0.000
2019-05-04 19:09:24,1900-01-00 00:00:00,nyu,00:BE:75:CF:00:4F,-59,WPA2,0.000000,0.000000,0.000,0.000
2019-05-04 19:09:24,1900-01-00 00:00:00,nyu,00:BE:75:CF:00:4F,-57,WPA2,0.000000,0.000000,0.000,0.000
2019-05-04 19:09:24,1900-01-00 00:00:00,nyu,00:BE:75:CF:00:4F,-57,WPA2,0.000000,0.000000,0.000,0.000
2019-05-04 19:09:24,1900-01-00 00:00:00,nyu,00:BE:75:CF:00:4F,-57,WPA2,0.000000,0.000000,0.000,0.000
2019-05-04 19:09:24,1900-01-00 00:00:00,nyu,00:BE:75:CF:00:4F,-57,WPA2,0.000000,0.000000,0.000,0.000
2019-05-04 19:09:24,1900-01-00 00:00:00,nyu,00:BE:75:CF:00:4F,-57,WPA2,0.000000,0.000000,0.000,0.000
2019-05-04 19:09:24,1900-01-00 00:00:00,nyu,00:BE:75:CF:00:4F,-57,WPA2,0.000000,0.000000,0.000,0.000
2019-05-04 19:09:24,1900-01-00 00:00:00,nyu,00:BE:75:CF:00:4F,-57,WPA2,0.000000,0.000000,0.000,0.000
2019-05-04 19:09:24,1900-01-00 00:00:00,nyu,00:BE:75:CF:00:4F,-55,WPA2,0.000000,0.000000,0.000,0.000
2019-05-04 19:09:24,1900-01-00 00:00:00,nyu,00:BE:75:CF:00:4F,-59,WPA2,0.000000,0.000000,0.000,0.000
2019-05-04 19:09:24,1900-01-00 00:00:00,nyu,00:BE:75:CF:00:4F,-57,WPA2,0.000000,0.000000,0.000,0.000
2019-05-04 19:09:24,1900-01-00 00:00:00,nyu,00:BE:75:CF:00:4F,-59,WPA2,0.000000,0.000000,0.000,0.000
2019-05-04 19:09:24,1900-01-00 00:00:00,nyu,00:BE:75:CF:00:4F,-57,WPA2,0.000000,0.000000,0.000,0.000
2019-05-04 19:09:24,1900-01-00 00:00:00,nyu,00:BE:75:CF:00:4F,-57,WPA2,0.000000,0.000000,0.000,0.000
2019-05-04 19:09:24,1900-01-00 00:00:00,nyu,00:BE:75:CF:00:4F,-57,WPA2,0.000000,0.000000,0.000,0.000
2019-05-04 19:09:24,1900-01-00 00:00:00,nyu,00:BE:75:CF:00:4F,-57,WPA2,0.000000,0.000000,0.000,0.000
2019-05-04 19:09:24,1900-01-00 00:00:00,nyu,00:BE:75:CF:00:4F,-57,WPA2,0.000000,0.000000,0.000,0.000
2019-05-04 19:09:24,1900-01-00 00:00:00,nyu,00:BE:75:CF:00:4F,-55,WPA2,0.000000,0.000000,0.000,0.000
2019-05-04 19:09:24,1900-01-00 00:00:00,nyu,00:BE:75:CF:00:4F,-59,WPA2,0.000000,0.000000,0.000,0.000
2019-05-04 19:09:24,1900-01-00 00:00:00,nyu,00:BE:75:CF:00:4F,-59,WPA2,0.000000,0.000000,0.000,0.000
2019-05-04 19:09:24,1900-01-00 00:00:00,nyu,00:BE:75:CF:00:4F,-57,WPA2,0.000000,0.000000,0.000,0.000
2019-05-04 19:09:24,1900-01-00 00:00:00,nyu,00:BE:75:CF:00:4F,-55,WPA2,0.000000,0.000000,0.000,0.000
2019-05-04 19:09:24,1900-01-00 00:00:00,nyu,00:BE:75:CF:00:4F,-59,WPA2,0.000000,0.000000,0.000,0.000
2019-05-04 19:09:24,1900-01-00 00:00:00,nyu,00:BE:75:CF:00:4F,-59,WPA2,0.000000,0.000000,0.000,0.000
2019-05-04 19:09:25,1900-01-00 00:00:00,nyu,00:BE:75:CF:00:4F,-55,WPA2,0.000000,0.000000,0.000,0.000
2019-05-04 19:09:25,1900-01-00 00:00:00,nyu,00:BE:75:CF:00:4F,-59,WPA2,0.000000,0.000000,0.000,0.000
2019-05-04 19:09:25,1900-01-00 00:00:00,nyu,00:BE:75:CF:00:4F,-59,WPA2,0.000000,0.000000,0.000,0.000
2019-05-04 19:09:25,1900-01-00 00:00:00,nyu,00:BE:75:CF:00:4F,-59,WPA2,0.000000,0.000000,0.000,0.000
2019-05-04 19:09:25,1900-01-00 00:00:00,nyu,00:BE:75:CF:00:4F,-57,WPA2,0.000000,0.000000,0.000,0.000
2019-05-04 19:09:25,1900-01-00 00:00:00,nyu,00:BE:75:CF:00:4F,-57,WPA2,0.000000,0.000000,0.000,0.000
2019-05-04 19:09:25,1900-01-00 00:00:00,nyu,00:BE:75:CF:00:4F,-57,WPA2,0.000000,0.000000,0.000,0.000
2019-05-04 19:09:25,1900-01-00 00:00:00,nyu,00:BE:75:CF:00:4F,-57,WPA2,0.000000,0.000000,0.000,0.000
2019-05-04 19:09:25,1900-01-00 00:00:00,nyu,00:BE:75:CF:00:4F,-55,WPA2,0.000000,0.000000,0.000,0.000
2019-05-04 19:09:25,1900-01-00 00:00:00,nyu,00:BE:75:CF:00:4F,-57,WPA2,0.000000,0.000000,0.000,0.000
2019-05-04 19:09:25,1900-01-00 00:00:00,nyu,00:BE:75:CF:00:4F,-59,WPA2,0.000000,0.000000,0.000,0.000
2019-05-04 19:09:25,1900-01-00 00:00:00,nyu,00:BE:75:CF:00:4F,-57,WPA2,0.000000,0.000000,0.000,0.000
2019-05-04 19:09:25,1900-01-00 00:00:00,nyu,00:BE:75:CF:00:4F,-59,WPA2,0.000000,0.000000,0.000,0.000
2019-05-04 19:09:25,1900-01-00 00:00:00,nyu,00:BE:75:CF:00:4F,-59,WPA2,0.000000,0.000000,0.000,0.000
2019-05-04 19:09:25,1900-01-00 00:00:00,nyu,00:BE:75:CF:00:4F,-57,WPA2,0.000000,0.000000,0.000,0.000
2019-05-04 19:09:25,1900-01-00 00:00:00,nyu,00:BE:75:CF:00:4F,-57,WPA2,0.000000,0.000000,0.000,0.000
2019-05-04 19:09:25,1900-01-00 00:00:00,nyu,00:BE:75:CF:00:4F,-57,WPA2,0.000000,0.000000,0.000,0.000
2019-05-04 19:09:25,1900-01-00 00:00:00,nyu,00:BE:75:CF:00:4F,-57,WPA2,0.000000,0.000000,0.000,0.000
2019-05-04 19:09:25,1900-01-00 00:00:00,nyu,00:BE:75:CF:00:4F,-57,WPA2,0.000000,0.000000,0.000,0.000
2019-05-04 19:09:25,1900-01-00 00:00:00,nyu,00:BE:75:CF:00:4F,-57,WPA2,0.000000,0.000000,0.000,0.000
2019-05-04 19:09:25,1900-01-00 00:00:00,nyu,00:BE:75:CF:00:4F,-55,WPA2,0.000000,0.000000,0.000,0.000
2019-05-04 19:09:25,1900-01-00 00:00:00,nyu,00:BE:75:CF:00:4F,-59,WPA2,0.000000,0.000000,0.000,0.000
2019-05-04 19:09:25,1900-01-00 00:00:00,nyu,00:BE:75:CF:00:4F,-59,WPA2,0.000000,0.000000,0.000,0.000
2019-05-04 19:09:25,1900-01-00 00:00:00,nyu,00:BE:75:CF:00:4F,-57,WPA2,0.000000,0.000000,0.000,0.000
2019-05-04 19:09:25,1900-01-00 00:00:00,nyu,00:BE:75:CF:00:4F,-59,WPA2,0.000000,0.000000,0.000,0.000
2019-05-04 19:09:25,1900-01-00 00:00:00,nyu,00:BE:75:CF:00:4F,-57,WPA2,0.000000,0.000000,0.000,0.000
2019-05-04 19:09:25,1900-01-00 00:00:00,nyu,00:BE:75:CF:00:4F,-59,WPA2,0.000000,0.000000,0.000,0.000
2019-05-04 19:09:25,1900-01-00 00:00:00,nyu,00:BE:75:CF:00:4F,-57,WPA2,0.000000,0.000000,0.000,0.000
2019-05-04 19:09:25,1900-01-00 00:00:00,nyu,00:BE:75:CF:00:4F,-57,WPA2,0.000000,0.000000,0.000,0.000
2019-05-04 19:09:25,1900-01-00 00:00:00,nyu,00:BE:75:CF:00:4F,-59,WPA2,0.000000,0.000000,0.000,0.000
2019-05-04 19:09:25,1900-01-00 00:00:00,nyu,00:BE:75:CF:00:4F,-57,WPA2,0.000000,0.000000,0.000,0.000
2019-05-04 19:09:25,1900-01-00 00:00:00,nyu,00:BE:75:CF:00:4F,-59,WPA2,0.000000,0.000000,0.000,0.000
2019-05-04 19:09:25,1900-01-00 00:00:00,nyu,00:BE:75:CF:00:4F,-59,WPA2,0.000000,0.000000,0.000,0.000
2019-05-04 19:09:25,1900-01-00 00:00:00,nyu,00:BE:75:CF:00:4F,-57,WPA2,0.000000,0.000000,0.000,0.000
2019-05-04 19:09:25,1900-01-00 00:00:00,nyu,00:BE:75:CF:00:4F,-59,WPA2,0.000000,0.000000,0.000,0.000
2019-05-04 19:09:25,1900-01-00 00:00:00,nyu,00:BE:75:CF:00:4F,-57,WPA2,0.000000,0.000000,0.000,0.000
2019-05-04 19:09:25,1900-01-00 00:00:00,nyu,00:BE:75:CF:00:4F,-57,WPA2,0.000000,0.000000,0.000,0.000
2019-05-04 19:09:25,1900-01-00 00:00:00,nyu,00:BE:75:CF:00:4F,-57,WPA2,0.000000,0.000000,0.000,0.000
2019-05-04 19:09:25,1900-01-00 00:00:00,nyu,00:BE:75:CF:00:4F,-59,WPA2,0.000000,0.000000,0.000,0.000
2019-05-04 19:09:25,1900-01-00 00:00:00,nyu,00:BE:75:CF:00:4F,-55,WPA2,0.000000,0.000000,0.000,0.000
2019-05-04 19:09:25,1900-01-00 00:00:00,nyu,00:BE:75:CF:00:4F,-57,WPA2,0.000000,0.000000,0.000,0.000
2019-05-04 19:09:25,1900-01-00 00:00:00,nyu,00:BE:75:CF:00:4F,-61,WPA2,0.000000,0.000000,0.000,0.000
2019-05-04 19:09:25,1900-01-00 00:00:00,nyu,00:BE:75:CF:00:4F,-57,WPA2,0.000000,0.000000,0.000,0.000
2019-05-04 19:09:25,1900-01-00 00:00:00,nyu,00:BE:75:CF:00:4F,-57,WPA2,0.000000,0.000000,0.000,0.000
2019-05-04 19:09:25,1900-01-00 00:00:00,nyu,00:BE:75:CF:00:4F,-57,WPA2,0.000000,0.000000,0.000,0.000
2019-05-04 19:09:25,1900-01-00 00:00:00,nyu,00:BE:75:CF:00:4F,-57,WPA2,0.000000,0.000000,0.000,0.000
2019-05-04 19:09:26,1900-01-00 00:00:00,nyu,00:BE:75:CF:00:4F,-55,WPA2,0.000000,0.000000,0.000,0.000
2019-05-04 19:09:26,1900-01-00 00:00:00,nyu,00:BE:75:CF:00:4F,-59,WPA2,0.000000,0.000000,0.000,0.000
2019-05-04 19:09:26,1900-01-00 00:00:00,nyu,00:BE:75:CF:00:4F,-59,WPA2,0.000000,0.000000,0.000,0.000
2019-05-04 19:09:26,1900-01-00 00:00:00,nyu,00:BE:75:CF:00:4F,-59,WPA2,0.000000,0.000000,0.000,0.000
2019-05-04 19:09:26,1900-01-00 00:00:00,nyu,00:BE:75:CF:00:4F,-57,WPA2,0.000000,0.000000,0.000,0.000
2019-05-04 19:09:26,1900-01-00 00:00:00,nyu,00:BE:75:CF:00:4F,-59,WPA2,0.000000,0.000000,0.000,0.000
2019-05-04 19:09:26,1900-01-00 00:00:00,nyu,00:BE:75:CF:00:4F,-59,WPA2,0.000000,0.000000,0.000,0.000
2019-05-04 19:09:26,1900-01-00 00:00:00,nyu,00:BE:75:CF:00:4F,-61,WPA2,0.000000,0.000000,0.000,0.000
2019-05-04 19:09:26,1900-01-00 00:00:00,nyu,00:BE:75:CF:00:4F,-57,WPA2,0.000000,0.000000,0.000,0.000
2019-05-04 19:09:26,1900-01-00 00:00:00,nyu,00:BE:75:CF:00:4F,-57,WPA2,0.000000,0.000000,0.000,0.000
2019-05-04 19:09:26,1900-01-00 00:00:00,nyu,00:BE:75:CF:00:4F,-59,WPA2,0.000000,0.000000,0.000,0.000
2019-05-04 19:09:26,1900-01-00 00:00:00,nyu,00:BE:75:CF:00:4F,-59,WPA2,0.000000,0.000000,0.000,0.000
2019-05-04 19:09:26,1900-01-00 00:00:00,nyu,00:BE:75:CF:00:4F,-57,WPA2,0.000000,0.000000,0.000,0.000
2019-05-04 19:09:26,1900-01-00 00:00:00,nyu,00:BE:75:CF:00:4F,-59,WPA2,0.000000,0.000000,0.000,0.000
2019-05-04 19:09:26,1900-01-00 00:00:00,nyu,00:BE:75:CF:00:4F,-59,WPA2,0.000000,0.000000,0.000,0.000
2019-05-04 19:09:26,1900-01-00 00:00:00,nyu,00:BE:75:CF:00:4F,-59,WPA2,0.000000,0.000000,0.000,0.000
2019-05-04 19:09:26,1900-01-00 00:00:00,nyu,00:BE:75:CF:00:4F,-55,WPA2,0.000000,0.000000,0.000,0.000
2019-05-04 19:09:26,1900-01-00 00:00:00,nyu,00:BE:75:CF:00:4F,-59,WPA2,0.000000,0.000000,0.000,0.000
2019-05-04 19:09:26,1900-01-00 00:00:00,nyu,00:BE:75:CF:00:4F,-55,WPA2,0.000000,0.000000,0.000,0.000
2019-05-04 19:09:26,1900-01-00 00:00:00,nyu,00:BE:75:CF:00:4F,-59,WPA2,0.000000,0.000000,0.000,0.000
2019-05-04 19:09:26,1900-01-00 00:00:00,nyu,00:BE:75:CF:00:4F,-59,WPA2,0.000000,0.000000,0.000,0.000
2019-05-04 19:09:26,1900-01-00 00:00:00,nyu,00:BE:75:CF:00:4F,-57,WPA2,0.000000,0.000000,0.000,0.000
2019-05-04 19:09:26,1900-01-00 00:00:00,nyu,00:BE:75:CF:00:4F,-59,WPA2,0.000000,0.000000,0.000,0.000
2019-05-04 19:09:26,1900-01-00 00:00:00,nyu,00:BE:75:CF:00:4F,-57,WPA2,0.000000,0.000000,0.000,0.000
2019-05-04 19:09:26,1900-01-00 00:00:00,nyu,00:BE:75:CF:00:4F,-57,WPA2,0.000000,0.000000,0.000,0.000
2019-05-04 19:09:26,1900-01-00 00:00:00,nyu,00:BE:75:CF:00:4F,-57,WPA2,0.000000,0.000000,0.000,0.000
2019-05-04 19:09:26,1900-01-00 00:00:00,nyu,00:BE:75:CF:00:4F,-59,WPA2,0.000000,0.000000,0.000,0.000
2019-05-04 19:09:26,1900-01-00 00:00:00,nyu,00:BE:75:CF:00:4F,-55,WPA2,0.000000,0.000000,0.000,0.000
2019-05-04 19:09:26,1900-01-00 00:00:00,nyu,00:BE:75:CF:00:4F,-57,WPA2,0.000000,0.000000,0.000,0.000
2019-05-04 19:09:26,1900-01-00 00:00:00,nyu,00:BE:75:CF:00:4F,-57,WPA2,0.000000,0.000000,0.000,0.000
2019-05-04 19:09:26,1900-01-00 00:00:00,nyu,00:BE:75:CF:00:4F,-55,WPA2,0.000000,0.000000,0.000,0.000
2019-05-04 19:09:26,1900-01-00 00:00:00,nyu,00:BE:75:CF:00:4F,-57,WPA2,0.000000,0.000000,0.000,0.000
2019-05-04 19:09:26,1900-01-00 00:00:00,nyu,00:BE:75:CF:00:4F,-59,WPA2,0.000000,0.000000,0.000,0.000
2019-05-04 19:09:27,1900-01-00 00:00:00,nyu,00:BE:75:CF:00:4F,-55,WPA2,0.000000,0.000000,0.000,0.000
2019-05-04 19:09:27,1900-01-00 00:00:00,nyu,00:BE:75:CF:00:4F,-59,WPA2,0.000000,0.000000,0.000,0.000
2019-05-04 19:09:27,1900-01-00 00:00:00,nyu,00:BE:75:CF:00:4F,-57,WPA2,0.000000,0.000000,0.000,0.000
2019-05-04 19:09:27,1900-01-00 00:00:00,nyu,00:BE:75:CF:00:4F,-57,WPA2,0.000000,0.000000,0.000,0.000
2019-05-04 19:09:27,1900-01-00 00:00:00,nyu,00:BE:75:CF:00:4F,-57,WPA2,0.000000,0.000000,0.000,0.000
2019-05-04 19:09:27,1900-01-00 00:00:00,nyu,00:BE:75:CF:00:4F,-55,WPA2,0.000000,0.000000,0.000,0.000
2019-05-04 19:09:27,1900-01-00 00:00:00,nyu,00:BE:75:CF:00:4F,-57,WPA2,0.000000,0.000000,0.000,0.000
2019-05-04 19:09:27,1900-01-00 00:00:00,nyu,00:BE:75:CF:00:4F,-57,WPA2,0.000000,0.000000,0.000,0.000
2019-05-04 19:09:27,1900-01-00 00:00:00,nyu,00:BE:75:CF:00:4F,-55,WPA2,0.000000,0.000000,0.000,0.000
2019-05-04 19:09:27,1900-01-00 00:00:00,nyu,00:BE:75:CF:00:4F,-59,WPA2,0.000000,0.000000,0.000,0.000
2019-05-04 19:09:27,1900-01-00 00:00:00,nyu,00:BE:75:CF:00:4F,-57,WPA2,0.000000,0.000000,0.000,0.000
2019-05-04 19:09:27,1900-01-00 00:00:00,nyu,00:BE:75:CF:00:4F,-55,WPA2,0.000000,0.000000,0.000,0.000
2019-05-04 19:09:27,1900-01-00 00:00:00,nyu,00:BE:75:CF:00:4F,-57,WPA2,0.000000,0.000000,0.000,0.000
2019-05-04 19:09:27,1900-01-00 00:00:00,nyu,00:BE:75:CF:00:4F,-59,WPA2,0.000000,0.000000,0.000,0.000
2019-05-04 19:09:27,1900-01-00 00:00:00,nyu,00:BE:75:CF:00:4F,-59,WPA2,0.000000,0.000000,0.000,0.000
2019-05-04 19:09:27,1900-01-00 00:00:00,nyu,00:BE:75:CF:00:4F,-55,WPA2,0.000000,0.000000,0.000,0.000
2019-05-04 19:09:27,1900-01-00 00:00:00,nyu,00:BE:75:CF:00:4F,-57,WPA2,0.000000,0.000000,0.000,0.000
2019-05-04 19:09:27,1900-01-00 00:00:00,nyu,00:BE:75:CF:00:4F,-57,WPA2,0.000000,0.000000,0.000,0.000
2019-05-04 19:09:27,1900-01-00 00:00:00,nyu,00:BE:75:CF:00:4F,-55,WPA2,0.000000,0.000000,0.000,0.000
2019-05-04 19:09:27,1900-01-00 00:00:00,nyu,00:BE:75:CF:00:4F,-59,WPA2,0.000000,0.000000,0.000,0.000
2019-05-04 19:09:27,1900-01-00 00:00:00,nyu,00:BE:75:CF:00:4F,-59,WPA2,0.000000,0.000000,0.000,0.000
2019-05-04 19:09:27,1900-01-00 00:00:00,nyu,00:BE:75:CF:00:4F,-59,WPA2,0.000000,0.000000,0.000,0.000
2019-05-04 19:09:27,1900-01-00 00:00:00,nyu,00:BE:75:CF:00:4F,-57,WPA2,0.000000,0.000000,0.000,0.000
2019-05-04 19:09:27,1900-01-00 00:00:00,nyu,00:BE:75:CF:00:4F,-59,WPA2,0.000000,0.000000,0.000,0.000
2019-05-04 19:09:27,1900-01-00 00:00:00,nyu,00:BE:75:CF:00:4F,-55,WPA2,0.000000,0.000000,0.000,0.000
2019-05-04 19:09:27,1900-01-00 00:00:00,nyu,00:BE:75:CF:00:4F,-59,WPA2,0.000000,0.000000,0.000,0.000
2019-05-04 19:09:27,1900-01-00 00:00:00,nyu,00:BE:75:CF:00:4F,-57,WPA2,0.000000,0.000000,0.000,0.000
2019-05-04 19:09:27,1900-01-00 00:00:00,nyu,00:BE:75:CF:00:4F,-59,WPA2,0.000000,0.000000,0.000,0.000
2019-05-04 19:09:27,1900-01-00 00:00:00,nyu,00:BE:75:CF:00:4F,-57,WPA2,0.000000,0.000000,0.000,0.000
2019-05-04 19:09:27,1900-01-00 00:00:00,nyu,00:BE:75:CF:00:4F,-55,WPA2,0.000000,0.000000,0.000,0.000
2019-05-04 19:09:27,1900-01-00 00:00:00,nyu,00:BE:75:CF:00:4F,-57,WPA2,0.000000,0.000000,0.000,0.000
2019-05-04 19:09:27,1900-01-00 00:00:00,nyu,00:BE:75:CF:00:4F,-59,WPA2,0.000000,0.000000,0.000,0.000
2019-05-04 19:09:27,1900-01-00 00:00:00,nyu,00:BE:75:CF:00:4F,-55,WPA2,0.000000,0.000000,0.000,0.000
2019-05-04 19:09:27,1900-01-00 00:00:00,nyu,00:BE:75:CF:00:4F,-59,WPA2,0.000000,0.000000,0.000,0.000
2019-05-04 19:09:27,1900-01-00 00:00:00,nyu,00:BE:75:CF:00:4F,-57,WPA2,0.000000,0.000000,0.000,0.000
2019-05-04 19:09:27,1900-01-00 00:00:00,nyu,00:BE:75:CF:00:4F,-59,WPA2,0.000000,0.000000,0.000,0.000
2019-05-04 19:09:27,1900-01-00 00:00:00,nyu,00:BE:75:CF:00:4F,-55,WPA2,0.000000,0.000000,0.000,0.000
2019-05-04 19:09:27,1900-01-00 00:00:00,nyu,00:BE:75:CF:00:4F,-59,WPA2,0.000000,0.000000,0.000,0.000
2019-05-04 19:09:28,1900-01-00 00:00:00,nyu,00:BE:75:CF:00:4F,-55,WPA2,0.000000,0.000000,0.000,0.000
2019-05-04 19:09:28,1900-01-00 00:00:00,nyu,00:BE:75:CF:00:4F,-57,WPA2,0.000000,0.000000,0.000,0.000
2019-05-04 19:09:28,1900-01-00 00:00:00,nyu,00:BE:75:CF:00:4F,-55,WPA2,0.000000,0.000000,0.000,0.000
